Seq#,ID#,Gender,M,R,F,FirstPurch,ChildBks,YouthBks,CookBks,DoItYBks,RefBks,ArtBks,GeogBks,ItalCook,ItalAtlas,ItalArt,Florence
1576,13039,0,166,14,2,16,0,1,0,0,0,0,0,0,0,0,0
693,6096,1,245,14,1,14,0,0,1,0,0,0,0,0,0,0,0
3222,26528,1,99,12,2,18,0,0,0,1,0,0,0,0,0,0,0
3734,31047,0,178,24,1,24,1,0,0,0,0,0,0,1,0,0,0
1245,10403,1,314,12,2,16,1,0,0,0,0,0,0,0,0,0,0
2552,21048,0,224,10,1,10,0,0,0,0,0,0,0,0,0,0,0
350,3057,1,86,6,1,6,0,0,0,0,0,0,0,0,0,0,0
2182,18009,1,46,6,2,14,1,0,0,0,0,0,0,0,0,0,0
3966,32682,0,194,6,2,8,0,0,0,0,0,2,0,0,0,0,0
996,8234,0,305,10,1,10,0,0,0,0,0,0,0,0,0,0,0
175,1484,1,151,12,4,34,0,1,0,1,1,0,0,0,0,0,0
3581,29727,1,157,2,6,18,1,0,2,0,0,0,0,0,0,0,0
200,1741,1,280,14,2,22,0,0,1,0,0,0,0,0,0,0,0
3932,32371,0,152,2,1,2,0,0,0,0,0,0,2,0,0,0,0
1049,8673,1,183,12,11,62,3,2,3,1,0,0,1,0,0,0,0
2815,23303,1,225,16,1,16,1,0,0,0,0,1,0,0,0,0,0
450,4048,1,244,30,9,52,1,3,1,2,1,0,1,0,0,0,0
1634,13567,0,400,36,11,60,5,0,3,0,2,0,0,0,0,0,0
880,7331,0,121,8,1,8,0,0,0,0,0,0,0,0,0,0,0
1399,11654,1,60,2,2,10,0,0,0,0,0,0,0,0,0,0,0
1179,9856,0,227,16,1,16,0,0,0,0,0,1,0,0,0,0,0
2606,21622,1,244,10,2,16,0,0,0,0,0,0,2,0,0,0,0
2021,16708,1,61,16,2,20,1,0,0,0,0,1,1,0,0,0,0
799,6775,1,417,14,12,44,2,1,2,3,1,1,2,0,0,0,0
2677,22176,0,103,8,2,12,0,0,0,0,0,0,0,0,0,0,0
2856,23603,1,90,22,1,22,1,0,0,0,0,1,0,0,0,0,0
2771,22938,1,203,34,1,34,0,0,0,0,0,0,0,0,0,0,0
2199,18153,1,298,12,3,20,0,0,0,0,1,0,1,0,0,0,0
1673,13829,1,218,6,1,6,0,0,0,0,0,0,0,0,0,0,0
586,5300,0,354,6,9,30,2,1,1,1,0,1,0,1,0,1,0
2998,24822,0,37,12,1,12,0,0,0,0,0,3,0,0,0,0,0
1174,9834,1,153,16,10,36,2,0,4,0,2,1,1,0,0,0,0
2184,18039,1,71,34,2,40,1,0,0,1,0,0,0,0,0,0,0
1501,12478,1,269,10,1,10,0,0,0,0,0,0,2,0,0,0,0
578,5233,1,351,36,4,50,1,1,0,0,0,2,0,0,0,0,0
3034,25134,0,219,32,9,84,0,1,1,3,1,0,0,0,0,0,0
470,4248,0,190,10,1,10,0,0,0,0,0,0,0,0,0,0,0
1060,8818,0,326,2,4,18,0,1,0,0,0,0,0,0,0,0,0
2713,22465,0,185,6,6,18,0,1,0,2,0,0,2,0,0,0,0
1729,14259,0,253,2,2,10,0,0,0,0,0,0,0,0,0,0,0
251,2203,1,173,20,2,28,0,0,1,1,0,0,0,0,0,0,0
1607,13309,1,136,12,5,30,0,0,2,1,0,0,0,0,1,0,0
2813,23299,1,272,10,11,70,2,2,1,2,1,0,2,1,0,1,0
2062,17075,0,272,30,2,36,0,0,1,0,0,0,0,0,0,0,0
3262,26855,0,201,22,10,76,1,1,1,2,0,1,0,0,0,0,0
3207,26430,1,219,28,2,34,0,0,0,2,0,1,0,0,0,0,0
125,1087,1,60,34,1,34,0,0,0,0,1,0,0,0,0,0,0
140,1160,1,64,32,1,32,0,0,0,0,0,0,1,0,0,0,0
3700,30763,1,113,10,2,14,0,0,1,0,0,0,0,0,0,0,0
1774,14607,1,100,10,1,10,0,0,0,0,0,2,0,0,0,0,0
3684,30601,0,167,32,2,34,1,0,0,0,0,2,0,0,0,0,0
953,7865,1,198,12,6,34,2,0,1,1,0,0,1,0,0,0,0
413,3689,1,268,10,1,10,0,0,0,0,0,0,0,0,0,0,0
2434,20028,1,112,22,2,28,0,0,0,0,0,0,0,0,0,0,0
3880,32007,0,140,8,7,22,2,0,1,0,0,0,1,0,0,0,1
1318,10960,0,67,10,1,10,0,0,0,0,0,0,0,0,0,0,0
977,8022,1,197,2,1,2,0,0,0,0,0,0,0,0,0,0,0
1374,11487,1,156,12,1,12,0,0,0,0,0,0,0,0,0,0,0
3962,32661,0,88,4,2,8,0,0,0,0,0,1,0,0,0,0,0
786,6713,0,124,2,4,22,0,0,1,1,0,0,0,0,0,0,0
369,3233,1,206,16,2,24,0,0,0,0,0,1,1,0,0,0,0
971,7992,1,197,16,12,60,3,2,1,0,2,1,3,0,2,0,0
2575,21272,0,71,16,2,20,1,0,0,0,0,0,0,0,0,0,1
2579,21324,1,278,12,2,16,1,0,0,0,0,0,2,1,0,0,1
2778,23004,0,250,10,2,18,1,0,0,0,0,1,0,0,0,0,0
3993,32928,1,208,32,1,32,1,0,0,0,0,0,1,0,0,0,0
1927,15967,1,132,4,1,4,0,0,0,0,0,0,1,0,0,0,0
2395,19634,0,235,12,1,12,0,0,0,0,0,0,1,0,0,0,0
749,6428,1,225,34,1,34,0,0,1,0,0,0,0,0,0,0,0
2118,17489,1,212,10,6,22,1,0,0,0,2,0,1,0,0,0,0
46,354,0,49,22,3,32,0,0,1,1,0,1,0,0,0,0,0
3541,29431,1,84,2,2,6,0,0,0,0,0,0,0,0,0,0,0
2018,16696,0,166,2,4,24,0,0,0,0,0,1,1,0,0,0,0
1320,10964,1,175,14,11,68,2,3,3,2,1,0,0,0,0,0,0
1406,11720,1,267,16,2,20,1,0,0,0,0,1,0,0,0,0,0
3892,32107,1,65,36,2,42,1,0,0,0,0,0,0,1,0,0,0
2343,19244,1,318,20,2,24,1,0,0,1,0,1,1,0,0,0,0
2927,24159,1,233,10,1,10,0,0,0,0,0,0,0,0,0,0,0
715,6222,0,275,10,4,18,2,1,0,0,0,0,0,0,0,0,0
3756,31171,1,327,12,3,28,1,0,1,0,0,0,0,0,0,0,1
3716,30899,1,233,12,1,12,0,0,0,0,0,2,0,0,0,0,0
1890,15633,0,125,4,7,20,0,0,1,2,0,0,0,0,0,0,0
156,1300,1,200,4,9,30,2,2,1,0,2,0,0,0,0,0,0
427,3771,1,217,6,1,6,0,0,0,0,0,0,0,0,0,0,0
492,4469,1,105,12,7,26,3,0,2,1,0,0,0,0,0,0,0
1314,10952,1,202,4,12,72,1,1,0,1,2,2,0,0,0,0,1
615,5570,1,93,14,3,28,1,0,0,0,1,1,0,0,0,0,0
1795,14823,1,239,4,10,32,2,0,3,2,1,0,0,0,0,0,0
2825,23369,1,317,8,3,14,0,0,1,0,0,0,1,0,0,0,1
1268,10653,1,152,16,1,16,0,0,0,0,0,0,1,0,0,0,0
3530,29325,1,197,16,1,16,0,0,0,0,0,0,0,0,0,0,0
3647,30293,0,88,4,2,10,0,0,0,0,0,0,0,1,0,0,0
3658,30392,1,26,10,1,10,0,0,0,0,0,0,0,1,0,0,0
976,8019,1,136,10,2,12,0,0,0,0,0,0,0,0,0,0,1
3731,31036,1,250,14,2,16,0,0,0,0,1,0,0,0,0,0,0
1923,15917,1,109,6,1,6,0,0,0,0,0,0,0,0,0,0,0
1756,14459,1,206,8,1,8,0,0,0,0,0,1,2,0,0,0,0
2475,20364,0,146,26,2,32,0,0,1,1,0,0,0,1,0,0,0
1800,14838,1,170,14,2,16,0,0,0,1,0,0,0,0,0,0,0
970,7981,1,277,14,11,68,1,1,1,1,2,0,4,0,0,0,0
87,708,0,277,30,11,78,2,0,1,1,2,2,3,0,0,0,1
2885,23818,1,216,16,1,16,0,0,1,0,0,1,1,0,0,0,0
2712,22460,1,245,28,10,54,4,0,3,0,2,0,0,0,0,0,0
1162,9739,1,185,14,5,42,0,1,2,0,0,0,1,1,0,0,0
1064,8903,1,280,10,1,10,0,0,0,0,0,0,0,0,0,0,0
127,1093,1,263,12,8,58,1,1,3,0,0,1,1,0,0,0,0
2177,17959,1,266,14,1,14,0,0,1,0,0,0,0,0,0,0,1
3413,28221,0,253,6,1,6,0,0,0,0,0,1,2,0,0,0,1
734,6317,1,234,8,8,40,0,2,0,0,0,3,2,0,0,0,1
765,6589,0,58,4,1,4,0,0,0,0,0,0,0,0,0,0,0
2081,17206,0,299,14,1,14,0,0,1,0,0,0,0,0,0,0,0
1618,13397,0,100,16,1,16,1,0,0,0,0,0,0,0,0,0,0
78,619,1,49,10,2,14,0,0,0,1,0,0,0,0,0,0,0
686,6058,1,139,10,1,10,0,0,0,0,0,0,0,0,0,0,0
1093,9162,1,321,2,7,34,2,1,1,0,0,2,0,1,0,2,0
622,5632,1,75,16,1,16,0,0,0,0,0,0,1,0,0,0,1
133,1123,1,363,2,12,28,0,1,2,1,0,1,1,1,0,0,0
1979,16390,1,165,12,10,66,2,0,2,2,0,0,0,0,0,0,0
3703,30787,1,99,14,3,30,1,1,1,0,0,0,0,0,0,0,0
3850,31767,1,208,22,2,24,2,0,0,0,0,0,1,0,0,0,0
3501,29065,1,317,22,2,30,0,0,0,0,1,1,1,0,0,0,0
2893,23866,1,256,8,1,8,0,0,0,0,0,1,0,0,0,0,0
2068,17121,1,45,6,2,12,0,0,0,0,0,0,0,0,0,0,0
1842,15173,0,137,8,1,8,0,0,0,0,0,0,0,0,0,0,0
3456,28672,1,126,30,1,30,0,0,0,1,0,3,0,0,0,0,0
2078,17195,0,30,12,2,16,0,0,1,0,0,0,0,0,0,0,0
731,6307,1,211,34,8,70,1,0,3,1,2,1,0,0,0,0,0
2306,18962,0,258,8,1,8,0,0,0,0,0,0,0,0,0,0,0
3384,27968,1,54,18,2,22,0,0,1,0,0,0,0,0,0,0,0
22,169,1,243,10,1,10,0,0,0,0,0,0,0,0,0,0,0
2123,17536,1,89,16,1,16,0,0,0,0,1,1,0,0,0,0,1
214,1837,1,218,22,1,22,0,0,0,1,0,0,0,0,0,0,0
3612,29971,1,271,12,2,18,0,0,0,0,0,5,0,0,0,0,1
1073,8976,1,324,2,3,18,0,0,0,0,1,0,0,0,0,0,0
1499,12452,0,285,16,2,22,0,0,0,0,0,0,2,0,0,0,0
162,1352,1,169,16,4,34,1,0,0,0,0,0,3,0,0,0,0
2282,18707,1,292,12,1,12,0,0,0,0,0,0,0,0,0,0,0
1354,11295,1,135,8,4,22,0,0,2,0,0,1,0,0,0,0,0
376,3308,1,246,10,8,32,3,0,0,1,1,1,0,0,0,0,0
1284,10779,1,108,14,1,14,0,0,1,0,0,0,0,0,0,0,0
1739,14324,0,423,10,10,66,1,0,3,2,0,0,1,0,0,0,0
2891,23864,1,179,14,2,18,1,0,1,0,0,0,0,0,0,0,0
3574,29670,0,305,18,1,18,0,0,0,0,0,0,0,1,0,0,0
1829,15072,1,174,14,7,34,2,0,2,1,0,0,1,0,0,0,0
1785,14728,0,256,32,2,40,0,0,1,0,0,0,0,2,0,0,0
835,6990,1,49,2,1,2,0,0,0,0,0,0,0,0,0,0,0
1263,10591,0,72,10,1,10,0,0,0,0,0,0,0,0,0,0,0
542,4919,1,262,12,11,78,0,0,4,1,1,2,2,0,0,0,0
3941,32464,1,246,10,2,14,1,0,0,0,0,0,0,0,0,0,0
2843,23542,1,374,16,6,44,1,0,2,0,1,0,3,1,0,0,0
2846,23559,1,93,22,1,22,0,0,0,0,0,0,0,0,0,0,0
3134,25897,1,212,14,4,22,2,0,0,2,0,2,0,0,0,1,1
1382,11550,0,319,22,11,50,2,1,1,4,1,1,1,0,0,0,0
3926,32351,1,324,22,2,30,1,1,0,0,0,0,0,0,0,0,0
3923,32312,1,57,24,1,24,0,0,1,0,0,1,1,0,0,0,1
909,7583,1,77,10,2,14,1,0,0,0,0,0,0,0,0,0,0
2035,16833,1,228,20,5,46,0,2,3,0,0,0,0,0,0,0,0
2493,20556,1,25,12,1,12,0,0,0,0,0,0,0,0,0,0,0
3815,31511,1,188,12,3,28,1,0,1,0,0,0,0,0,0,0,0
1871,15432,0,190,26,2,28,0,0,0,1,0,2,1,1,0,0,0
3920,32296,1,112,12,2,20,0,1,0,0,0,0,0,0,0,0,0
96,795,1,453,14,12,82,1,1,3,1,3,0,3,1,1,0,0
1479,12298,1,224,10,6,36,2,0,1,1,0,1,0,0,0,0,0
965,7953,0,225,14,4,34,0,1,1,1,0,1,0,0,0,0,0
2361,19362,1,67,12,2,18,0,0,0,0,1,0,0,0,0,0,0
29,225,1,172,16,1,16,0,0,0,0,1,0,0,0,0,0,0
2139,17676,0,232,14,2,18,1,0,0,0,1,0,1,0,0,0,0
3918,32284,1,260,10,8,48,1,2,1,0,1,0,0,0,0,0,1
3938,32432,1,335,30,4,50,1,0,2,0,0,1,1,0,0,0,0
872,7267,0,359,2,4,14,1,0,0,0,0,0,0,0,0,0,0
2734,22647,1,306,34,2,38,1,1,0,0,0,1,0,0,0,0,0
856,7122,0,364,10,5,24,1,0,1,0,0,0,1,0,0,0,1
394,3554,0,232,8,1,8,0,0,0,0,0,0,0,0,0,0,0
534,4821,1,423,4,9,56,2,0,2,1,1,0,0,0,0,0,0
1463,12149,0,267,10,9,34,2,0,2,1,1,0,2,0,0,0,1
2074,17165,1,88,22,1,22,1,0,0,0,0,0,0,0,0,0,0
1453,12042,1,152,16,2,22,1,0,1,0,0,0,0,0,0,0,0
3866,31906,0,241,2,12,66,1,0,3,2,1,0,0,0,0,0,0
3561,29591,0,188,12,2,18,0,0,1,0,0,0,0,0,0,0,0
1103,9246,0,64,10,2,16,0,0,0,0,0,1,0,0,0,0,1
3337,27518,0,290,18,6,48,2,1,2,0,0,0,0,0,0,0,0
513,4680,1,187,14,8,38,2,1,1,1,1,1,1,0,0,0,0
2844,23550,1,266,16,2,20,0,0,0,1,0,0,0,1,0,0,0
785,6708,0,251,12,2,18,1,0,0,0,0,0,0,0,0,0,0
1877,15490,1,380,22,6,54,2,0,1,1,0,0,0,0,0,0,0
716,6223,0,411,28,8,76,1,0,3,1,1,1,1,0,0,0,0
1602,13292,1,222,28,7,60,2,1,1,1,1,0,1,0,0,0,0
2066,17108,1,97,14,1,14,0,0,0,0,0,0,1,0,0,0,0
349,3055,0,248,16,8,38,3,0,2,1,0,1,1,0,0,0,1
3313,27307,1,387,8,7,26,0,2,3,0,0,0,2,0,0,0,0
1057,8744,1,221,14,2,22,0,0,1,0,0,1,0,0,0,0,0
2472,20334,1,198,14,1,14,1,0,0,0,0,0,0,0,0,0,0
888,7408,1,264,2,1,2,0,0,0,0,0,0,0,0,0,0,0
2612,21685,1,143,30,1,30,1,0,0,0,0,0,0,0,0,0,1
375,3293,0,74,4,2,6,0,0,0,0,0,0,0,0,0,0,0
2057,17017,1,320,10,2,16,0,1,0,0,0,0,0,0,0,0,0
1307,10918,0,338,6,8,54,1,2,2,1,0,1,0,1,0,0,0
1040,8568,1,281,6,2,12,0,0,0,0,0,0,0,0,0,0,0
365,3155,1,424,10,11,64,0,4,2,1,0,1,2,0,0,0,0
268,2339,0,329,16,5,36,2,0,1,1,0,1,0,0,0,0,0
2874,23704,1,83,14,2,16,1,0,0,0,0,1,0,0,0,0,0
107,915,1,308,16,1,16,0,0,1,0,0,0,0,0,0,0,0
1773,14597,1,284,32,9,68,1,0,1,3,0,2,0,2,1,0,0
120,1048,1,189,12,1,12,0,0,0,0,0,0,0,0,0,0,0
3752,31158,0,227,18,1,18,0,0,1,0,0,0,2,0,0,0,0
2444,20071,0,284,14,2,22,1,0,1,0,0,1,0,0,0,0,0
3301,27257,1,450,2,12,32,3,1,1,0,1,0,1,0,1,0,0
1262,10583,1,159,10,2,14,0,0,0,0,1,0,0,0,0,0,1
347,3048,0,304,20,2,22,0,0,2,0,0,0,0,0,0,0,0
1042,8590,1,100,14,2,22,1,0,0,0,0,0,0,0,0,0,0
1019,8413,1,140,8,1,8,0,0,0,0,0,0,0,0,0,0,0
374,3270,1,223,10,6,24,0,0,2,1,1,0,0,0,0,0,0
565,5115,1,394,14,8,48,3,1,1,0,1,1,1,0,0,0,0
2662,22069,1,295,14,1,14,0,0,1,0,0,0,2,0,0,0,0
3657,30384,0,100,6,1,6,0,0,0,0,0,1,0,0,0,0,0
164,1357,0,222,16,2,20,0,1,1,0,0,0,0,1,0,0,0
1623,13466,0,212,4,11,58,4,0,1,0,0,0,1,0,0,0,0
2801,23211,0,112,8,1,8,0,0,0,0,0,0,0,0,0,0,0
2564,21161,1,284,14,2,22,0,0,0,1,0,0,0,1,0,0,0
3177,26204,1,199,4,9,42,1,1,2,3,0,0,0,0,0,0,0
668,5907,0,160,24,10,50,2,0,1,2,1,1,3,0,0,0,0
1487,12361,1,192,14,1,14,0,0,0,0,0,1,0,0,0,0,1
355,3073,1,277,14,2,20,1,0,1,0,0,0,0,1,0,0,0
3031,25095,0,218,14,10,44,1,1,3,1,1,0,0,0,2,0,0
1678,13855,0,244,8,2,14,0,0,0,1,0,0,0,0,0,0,0
3604,29912,0,109,4,2,8,0,0,0,0,0,1,0,0,0,0,0
3633,30160,1,308,14,1,14,0,0,0,1,0,0,0,0,0,0,0
2004,16619,1,64,10,1,10,0,0,0,0,0,0,0,0,0,0,0
116,1002,0,196,2,2,6,0,0,0,0,0,0,0,0,0,0,0
3605,29922,1,146,30,1,30,0,0,0,0,0,0,0,0,0,0,0
568,5148,1,199,16,4,30,2,1,0,0,0,0,1,0,0,0,0
3229,26590,1,191,16,9,50,3,1,0,0,0,1,1,0,0,0,0
1191,9969,1,76,6,2,12,0,0,0,0,0,0,0,0,0,0,0
1298,10845,1,291,14,1,14,1,0,0,0,0,0,0,0,0,0,0
3580,29717,1,166,10,4,32,0,1,1,1,0,0,0,0,0,0,0
1123,9464,0,264,10,12,58,1,1,4,0,0,1,3,2,0,0,1
3041,25192,1,257,10,2,12,0,0,0,0,0,0,0,1,0,0,0
2270,18652,1,215,4,1,4,0,0,0,0,0,0,0,0,0,0,1
2393,19601,1,381,8,8,26,2,0,1,1,1,0,1,0,0,0,0
2512,20641,1,270,16,1,16,0,1,0,0,0,0,0,0,0,0,0
461,4137,0,153,36,2,42,0,1,1,0,0,0,0,0,0,0,0
2658,22036,1,124,16,8,46,2,1,3,1,1,0,0,0,0,0,0
2943,24339,1,263,4,2,12,0,0,0,0,0,1,0,0,0,0,1
1289,10806,1,415,12,9,60,1,0,2,2,1,2,0,0,0,0,0
1474,12258,1,171,16,2,18,1,0,0,0,1,0,0,0,0,0,0
864,7211,1,336,2,10,24,2,0,0,0,0,1,3,0,0,0,1
2924,24132,0,90,24,2,28,1,0,0,0,0,0,0,0,0,0,0
2895,23882,0,309,10,12,80,3,1,3,1,1,0,0,0,0,0,0
3299,27225,1,170,14,10,50,2,0,2,2,1,0,0,0,0,0,0
809,6845,1,180,14,2,20,0,1,0,0,0,0,0,0,0,0,0
1858,15336,0,243,6,2,14,0,0,0,1,0,0,0,0,0,0,0
2442,20056,1,127,4,1,4,0,0,0,0,0,1,0,0,0,0,0
1269,10654,0,207,4,11,60,1,1,3,1,2,0,0,1,2,0,0
2450,20106,0,214,14,1,14,0,0,0,1,0,3,0,0,0,0,0
1434,11937,1,140,6,1,6,0,0,0,0,0,0,0,0,0,0,0
1509,12559,1,356,12,9,62,1,1,2,1,0,1,0,0,0,0,0
742,6391,1,56,8,1,8,0,0,0,0,0,0,0,0,0,0,0
1569,12995,1,21,2,1,2,0,0,0,0,0,3,0,0,0,0,0
997,8235,1,226,32,7,58,2,1,0,1,0,2,1,0,0,1,0
646,5783,1,218,10,2,18,0,0,1,0,0,0,0,0,0,0,0
267,2324,1,232,10,1,10,0,0,0,0,0,0,0,0,0,0,0
3688,30614,1,221,10,5,28,1,0,1,0,0,0,0,0,0,0,0
342,3016,1,269,32,1,32,0,1,0,0,0,0,0,0,0,0,0
2136,17660,1,325,14,11,74,5,0,2,2,0,0,0,0,0,0,0
289,2532,1,146,14,2,18,0,1,1,0,0,0,0,0,0,0,0
2305,18961,1,445,12,12,56,3,1,5,0,0,0,0,0,0,1,0
292,2591,0,326,22,4,38,2,0,0,1,0,0,1,0,0,0,0
1214,10183,1,99,4,1,4,0,0,0,0,0,0,0,0,0,0,0
295,2604,1,44,16,2,18,0,0,1,0,1,0,0,0,0,0,0
1909,15803,1,285,28,1,28,0,0,0,0,0,0,0,0,0,0,0
1778,14636,1,246,10,4,28,0,0,0,0,1,0,1,0,0,0,0
2776,22979,1,192,14,5,28,2,0,1,1,0,0,0,0,0,0,0
3421,28332,1,150,36,2,40,0,1,1,0,0,0,0,0,0,0,0
670,5912,1,399,14,8,48,0,0,2,0,1,2,3,1,1,1,1
2414,19834,0,130,10,3,24,0,0,1,0,0,2,0,1,0,0,0
2090,17285,1,146,6,5,30,0,0,2,0,0,0,0,0,0,0,0
189,1554,1,128,32,5,48,1,0,1,0,0,0,3,0,0,0,0
1621,13426,0,86,8,1,8,0,0,0,0,0,0,0,0,0,0,0
826,6940,1,65,12,2,14,1,0,0,0,0,0,0,0,0,0,0
1553,12875,1,310,2,1,2,0,0,0,0,0,0,0,0,0,0,0
722,6257,0,330,4,4,14,0,1,0,0,0,0,0,0,0,0,0
1151,9688,1,293,16,1,16,0,0,0,0,0,1,0,0,0,0,0
2441,20053,1,148,10,1,10,0,0,0,0,0,1,0,0,0,0,0
1916,15868,1,202,30,1,30,0,0,0,0,0,1,0,0,0,0,0
2238,18428,1,135,6,9,34,0,1,4,1,0,1,1,0,0,0,0
2121,17519,0,89,6,1,6,0,0,0,0,0,0,0,0,0,0,1
3536,29379,1,416,6,8,24,4,0,0,0,3,1,1,0,0,1,0
1852,15243,1,197,12,2,16,1,0,0,0,0,0,1,2,0,0,0
1375,11491,1,216,16,2,18,1,0,0,0,0,0,1,0,0,0,0
3268,26910,1,139,32,3,42,1,0,1,0,1,0,0,0,0,0,0
959,7921,1,190,6,6,42,0,1,0,0,0,0,1,0,0,0,0
2553,21059,1,89,24,2,30,0,1,1,0,0,0,0,0,0,0,0
243,2121,1,340,12,6,30,2,1,1,0,0,0,1,0,0,0,0
1505,12529,1,125,6,5,20,0,0,0,1,0,0,0,0,0,0,0
617,5582,0,29,10,1,10,0,0,0,0,0,0,0,0,0,0,0
181,1518,0,327,16,2,24,0,0,0,1,0,0,1,0,0,0,0
410,3673,1,100,14,1,14,0,0,0,0,1,0,0,0,0,0,0
2479,20395,0,222,14,2,22,1,0,1,0,0,0,1,0,0,0,0
422,3739,1,43,2,2,4,0,0,0,0,0,0,0,0,0,0,1
3973,32732,1,130,14,1,14,0,0,1,0,0,0,1,0,0,0,0
1145,9650,1,50,8,2,12,0,0,0,0,0,0,0,0,0,0,0
1228,10278,1,184,4,1,4,0,0,0,0,0,0,0,0,0,0,0
930,7726,0,151,16,2,22,0,0,1,0,1,0,0,0,0,0,0
764,6588,1,191,14,2,20,1,0,0,0,1,0,0,0,0,0,0
3352,27654,1,64,18,3,34,1,0,2,0,0,0,0,0,0,0,0
871,7265,1,431,8,10,60,2,1,3,0,0,0,1,0,0,0,0
1635,13568,1,128,10,3,22,0,0,1,0,0,1,0,0,0,0,0
2438,20044,1,267,12,6,42,1,0,1,1,1,2,0,0,0,0,0
2631,21848,1,253,12,2,16,1,0,0,0,0,0,0,0,0,0,0
285,2506,1,347,10,6,28,2,0,1,1,0,0,0,1,0,0,0
3593,29818,1,36,14,2,22,1,0,0,0,0,0,0,1,0,0,0
2848,23567,1,98,2,1,2,0,0,0,0,0,0,0,0,0,0,0
2489,20495,0,372,8,5,32,0,1,1,1,0,1,1,0,0,0,0
3570,29637,1,231,26,6,42,1,0,1,1,0,1,1,0,0,1,0
3248,26734,1,287,2,2,8,0,0,0,0,0,0,0,0,0,0,0
3280,27043,1,191,4,1,4,0,0,0,0,0,0,1,0,0,0,0
3109,25680,1,79,16,5,44,2,1,1,0,1,0,0,1,0,0,0
2957,24451,1,239,36,1,36,0,0,0,0,1,1,2,0,0,1,0
1129,9535,1,123,32,2,40,0,1,0,0,1,0,0,0,0,0,0
1365,11406,0,397,10,9,50,0,1,2,0,0,3,2,0,0,0,1
2526,20820,0,37,10,2,12,0,0,0,0,0,1,0,0,0,0,0
157,1313,1,100,12,4,32,0,0,0,2,1,0,0,0,0,0,0
1417,11811,0,281,16,11,40,0,1,2,3,2,2,1,0,0,0,0
1450,12020,1,218,2,11,26,2,1,1,1,0,0,0,0,0,0,0
3292,27154,1,146,16,7,36,2,0,1,2,1,0,0,0,0,0,0
2783,23039,1,196,30,6,60,1,1,1,0,1,0,0,0,0,0,1
1213,10182,0,223,12,11,72,1,1,2,2,1,2,1,0,0,0,0
2502,20598,1,217,14,1,14,1,0,0,0,0,1,0,0,0,0,0
601,5442,1,228,14,9,36,0,1,4,1,0,1,2,1,0,0,0
3811,31464,1,367,24,5,42,1,1,1,0,0,0,3,0,0,0,0
1738,14309,0,323,12,5,32,0,0,0,1,0,0,1,1,0,0,0
3025,25018,0,34,12,1,12,0,0,0,0,0,0,0,0,0,0,0
496,4508,1,55,12,1,12,0,0,0,0,0,0,0,0,0,0,0
3499,29037,0,189,10,7,48,0,0,3,0,1,1,0,0,0,0,0
3794,31366,1,231,24,2,30,0,0,0,0,2,0,0,0,0,0,0
2787,23069,1,298,10,1,10,0,0,0,0,0,0,2,0,0,0,0
1790,14791,1,241,10,1,10,0,0,0,0,0,0,0,0,0,0,0
3708,30810,0,221,4,2,8,0,0,0,0,0,0,0,0,0,0,0
2954,24424,1,151,16,1,16,0,0,1,0,0,0,0,0,0,0,0
2481,20418,1,397,22,10,72,5,1,2,0,0,0,0,1,0,0,0
3326,27406,1,355,16,5,32,0,1,2,1,1,0,1,0,0,0,0
2290,18755,1,62,6,2,14,0,0,1,0,0,0,0,0,0,0,0
956,7899,1,67,14,1,14,0,0,0,0,0,1,0,0,0,0,0
729,6299,0,276,22,4,40,1,0,3,0,0,0,0,0,0,0,0
2939,24304,0,249,32,2,40,0,0,1,0,1,0,1,0,0,0,0
2627,21814,0,287,8,1,8,0,0,0,0,0,1,2,1,0,0,0
2341,19237,1,187,14,2,18,0,1,1,0,0,0,1,0,0,0,0
232,2062,0,363,14,7,42,1,2,1,1,1,0,1,0,0,0,0
3843,31712,0,236,8,9,28,2,1,1,1,0,3,0,2,0,0,0
1397,11635,1,156,14,6,32,2,0,1,1,2,0,0,0,0,0,0
3713,30877,1,59,8,1,8,0,0,0,0,0,1,0,0,0,0,0
1672,13828,1,278,4,2,12,0,0,0,0,0,0,1,0,0,0,0
1113,9326,0,227,10,1,10,0,0,0,0,0,0,0,0,0,0,0
753,6485,1,263,2,1,2,0,0,0,0,0,0,0,0,0,0,0
973,8005,1,231,12,2,14,0,0,1,0,0,0,0,0,0,0,0
2169,17922,0,432,16,10,64,1,1,2,1,0,0,0,0,0,0,0
3341,27555,0,395,34,10,56,4,0,1,0,1,0,0,0,0,0,0
1645,13644,1,192,8,1,8,0,0,0,0,0,0,0,0,0,0,0
456,4105,1,149,2,5,26,0,1,0,0,0,2,0,0,0,1,1
3641,30226,1,73,8,2,16,1,0,0,0,0,1,0,0,0,0,0
3080,25482,1,379,10,7,34,0,0,1,0,1,2,3,0,1,0,0
3798,31386,1,126,20,1,20,0,0,0,1,0,0,0,0,0,0,0
1168,9809,0,251,8,6,36,2,0,0,1,1,1,0,0,0,0,0
2079,17200,0,366,32,10,88,4,1,2,1,0,0,1,0,0,1,0
3288,27115,1,125,4,1,4,0,0,0,0,0,1,0,0,0,0,0
936,7745,1,41,18,2,20,0,1,0,0,0,1,0,0,0,0,0
2266,18630,1,155,16,1,16,1,0,0,0,0,0,0,0,0,0,1
111,950,1,75,14,1,14,0,1,0,0,0,0,0,0,0,0,0
3523,29269,1,189,4,2,8,0,0,0,0,0,0,0,0,0,0,0
343,3024,1,248,16,7,44,1,1,3,0,0,1,1,1,0,0,0
3785,31315,0,165,16,2,20,1,0,1,0,0,0,0,0,0,0,0
2639,21906,1,81,4,2,10,0,0,0,0,0,0,0,0,0,0,0
1789,14780,1,173,16,2,20,0,0,0,1,0,0,0,0,0,0,1
1260,10571,0,136,2,2,8,0,0,0,0,0,0,0,0,0,0,1
3113,25721,1,32,8,2,10,0,0,0,0,0,0,0,0,0,0,0
2747,22737,1,405,14,9,54,1,0,1,3,1,2,0,0,0,0,0
656,5855,1,49,24,1,24,1,0,0,0,0,0,0,0,0,0,0
1141,9633,1,217,14,4,28,1,1,1,0,0,1,0,0,0,0,0
2777,22991,1,302,10,1,10,0,0,0,0,0,1,2,0,0,0,0
1579,13095,1,422,34,12,90,2,1,6,0,1,0,1,0,0,0,0
195,1672,1,102,2,1,2,0,0,0,0,0,0,0,0,0,0,0
3721,30945,1,452,10,12,60,3,1,2,1,0,0,1,0,0,0,0
1880,15523,1,232,6,11,44,3,0,4,1,0,0,0,0,0,0,0
2972,24609,1,233,12,2,20,1,0,0,0,0,0,0,1,0,0,0
3944,32515,1,181,14,1,14,0,0,1,0,0,0,0,0,0,0,0
1586,13138,1,290,8,2,16,0,0,0,0,1,0,0,0,0,0,0
3393,28063,1,103,34,2,36,1,1,0,0,0,0,0,0,0,0,0
359,3099,0,248,34,7,52,4,0,0,1,1,1,0,0,0,0,0
3427,28374,0,268,20,7,50,3,0,2,0,1,0,0,0,0,0,0
3131,25857,1,431,14,11,70,1,3,4,1,0,0,3,0,0,0,0
2919,24094,0,236,4,2,10,0,0,0,0,0,0,1,0,0,0,0
1178,9850,1,226,12,10,44,1,1,3,1,0,1,2,1,0,1,0
3266,26905,1,270,4,11,68,1,0,2,1,0,0,0,0,0,0,0
2029,16789,0,192,10,11,72,4,1,1,1,0,0,0,0,0,0,0
2653,22000,1,148,2,1,2,0,0,0,0,0,0,0,0,0,0,0
3160,26059,1,427,20,10,54,5,0,2,0,0,0,3,0,1,0,0
1427,11878,0,246,10,6,22,1,1,1,1,1,0,0,1,1,0,0
1056,8738,1,128,2,2,6,0,0,0,0,0,0,0,0,0,0,0
3888,32073,1,151,18,5,28,1,0,3,1,0,1,0,0,0,0,0
1717,14193,1,95,6,1,6,0,0,0,0,0,1,0,0,0,0,0
1642,13602,1,177,8,10,32,1,0,1,1,1,0,0,0,0,0,0
3890,32092,1,139,12,1,12,0,0,0,0,0,0,0,0,0,0,0
675,5931,1,32,16,1,16,0,1,0,0,0,0,0,0,0,0,0
3783,31298,0,137,14,2,22,2,0,0,0,0,0,0,0,0,0,0
2064,17083,1,62,10,1,10,0,0,0,0,0,0,0,0,0,0,0
3312,27302,0,288,28,2,34,0,0,0,1,0,0,0,1,0,0,0
3779,31284,1,133,4,6,38,0,0,0,2,1,0,0,0,0,0,0
618,5605,0,76,20,1,20,0,0,0,0,0,0,1,0,0,0,0
3914,32248,1,368,4,10,50,0,3,0,1,2,0,0,0,0,0,0
1161,9737,1,270,10,1,10,0,0,0,0,0,0,0,0,0,0,0
3726,30982,1,310,2,3,18,0,0,1,0,0,0,0,0,0,0,0
3757,31178,1,81,4,2,8,0,0,0,0,0,0,0,0,0,0,0
899,7483,1,251,14,2,20,0,2,0,0,0,0,0,0,0,0,0
321,2847,1,218,24,2,30,1,0,1,0,0,0,0,0,0,0,0
17,125,1,226,14,6,28,2,1,2,0,0,1,0,1,0,0,0
2017,16695,1,264,16,6,38,2,1,2,0,0,0,0,0,1,0,0
593,5366,1,300,12,5,24,0,0,0,2,1,1,0,0,0,0,0
1934,16025,1,102,16,2,24,0,0,1,0,0,0,0,0,0,0,0
3466,28761,1,341,14,8,34,2,0,2,1,0,0,0,0,0,0,0
199,1740,0,24,8,1,8,0,0,0,0,0,0,0,0,0,0,0
3782,31295,1,171,16,1,16,1,0,0,0,0,0,0,0,0,0,0
2944,24361,1,251,16,1,16,0,0,1,0,0,0,0,0,0,0,1
2261,18601,0,392,2,9,32,2,0,1,0,0,0,0,0,0,0,0
791,6726,0,451,6,11,68,2,2,2,0,2,0,0,1,1,0,0
1523,12646,1,105,16,2,22,1,0,0,1,0,0,0,1,0,0,0
1636,13570,1,106,6,1,6,0,0,0,0,0,1,0,0,0,0,0
3112,25698,1,175,14,1,14,0,0,1,0,0,0,2,0,0,0,0
3402,28139,1,422,12,11,46,2,1,3,0,1,0,2,0,0,0,0
1643,13606,1,225,16,12,76,1,2,5,1,2,0,1,0,1,1,0
1308,10919,0,310,16,2,18,0,0,1,0,0,0,1,0,0,0,0
1217,10206,1,415,10,12,68,3,0,2,1,1,2,2,0,0,0,0
3082,25495,1,292,2,2,6,0,0,0,0,0,1,0,0,0,0,0
2914,24049,1,196,18,1,18,1,0,0,0,0,0,0,1,0,0,0
442,3966,1,122,4,1,4,0,0,0,0,0,0,0,0,0,0,0
2185,18040,1,303,10,11,58,2,1,2,1,0,2,0,0,0,0,0
3303,27263,0,132,10,1,10,0,0,0,0,0,0,1,0,0,0,0
3937,32415,1,204,14,1,14,0,0,0,0,0,0,1,0,0,0,0
2436,20041,0,354,24,4,32,1,1,0,1,0,0,1,0,0,0,0
3816,31513,0,249,10,6,32,0,1,0,0,1,0,0,0,0,0,0
999,8245,0,303,10,2,16,1,0,0,0,0,0,0,0,0,0,0
3851,31779,1,80,14,1,14,0,0,0,0,0,1,0,0,0,0,0
2692,22318,0,206,10,6,28,0,0,2,1,1,0,1,0,2,0,0
1303,10891,1,306,12,2,18,0,1,0,0,0,0,0,0,0,0,0
3243,26690,1,158,6,3,24,1,0,0,0,0,0,0,0,0,0,0
732,6309,1,69,8,3,20,0,0,0,0,0,0,2,0,0,0,0
1082,9068,1,377,4,11,48,0,1,4,0,1,1,1,1,1,1,0
1819,14983,1,49,28,1,28,0,0,1,0,0,0,0,0,0,0,1
1799,14837,1,135,18,2,22,0,0,1,0,0,0,0,0,0,0,0
2593,21455,1,79,2,3,16,1,0,0,1,0,0,0,0,0,0,1
1410,11734,1,326,4,2,6,0,0,0,0,0,0,0,0,0,0,0
3639,30204,1,294,12,1,12,0,0,0,0,0,0,1,0,0,0,0
3487,28959,1,416,10,11,72,2,0,1,1,3,1,1,0,0,1,0
1372,11484,1,34,14,1,14,0,0,0,0,1,0,0,0,0,0,0
3484,28932,1,165,14,1,14,1,0,0,0,0,0,0,0,0,0,0
328,2901,0,48,10,1,10,0,0,0,0,0,0,0,0,0,0,1
2365,19400,1,150,18,7,32,2,1,1,0,0,0,0,0,0,0,0
773,6638,1,91,2,2,8,0,0,0,0,0,0,0,0,0,0,0
3120,25752,1,479,18,12,78,0,0,4,2,2,0,1,0,0,0,0
955,7884,0,414,2,9,24,1,0,0,0,1,1,1,0,0,0,1
2837,23503,1,158,18,4,32,2,0,2,0,0,0,0,0,0,0,0
891,7440,1,136,8,2,12,0,0,0,0,0,0,0,0,0,0,0
264,2299,1,90,10,5,38,0,0,2,0,0,0,1,1,0,0,0
2753,22762,1,163,14,6,30,1,2,0,2,0,0,0,0,0,0,0
3969,32705,1,62,8,2,12,0,0,0,0,0,0,0,0,0,0,0
1693,13980,1,259,8,2,12,0,0,0,0,0,0,1,0,0,0,0
985,8097,1,251,16,12,82,3,0,3,3,1,0,2,0,0,0,0
920,7662,0,305,2,2,10,0,0,0,0,0,0,0,0,0,0,0
3840,31684,1,156,14,1,14,0,0,1,0,0,0,0,0,0,0,0
3680,30578,1,348,14,8,58,0,0,5,0,2,0,0,0,0,0,0
3459,28723,1,215,34,1,34,0,0,0,0,0,0,0,0,0,0,1
167,1371,1,295,32,2,40,2,0,0,0,0,0,0,0,0,0,0
3656,30381,1,215,6,1,6,0,0,0,0,0,1,0,0,0,0,0
3175,26200,1,210,4,11,38,0,1,2,2,2,0,1,0,0,0,0
3055,25320,1,421,12,9,44,3,1,0,0,0,0,2,0,0,0,1
3825,31548,1,247,8,7,34,2,0,1,1,0,1,0,0,0,0,0
56,439,0,305,6,9,40,2,1,1,1,0,2,1,0,0,0,0
1131,9548,1,183,12,2,16,0,1,0,0,0,0,0,0,0,0,0
3302,27261,0,90,14,4,32,0,0,2,1,0,0,0,0,0,0,0
3945,32521,1,317,16,5,36,2,0,0,0,1,0,1,0,1,0,0
3948,32559,1,94,6,2,10,0,0,0,0,0,0,0,0,0,0,0
1612,13342,1,373,6,10,54,1,1,2,3,1,0,1,0,0,1,1
155,1283,1,217,14,2,20,1,0,0,0,1,0,0,0,0,0,0
757,6521,1,100,10,1,10,0,0,0,0,0,0,0,0,0,0,0
3238,26672,1,265,10,2,16,0,0,0,0,1,1,0,0,0,0,0
412,3684,1,144,6,8,38,0,0,2,1,1,1,1,1,1,1,0
2258,18593,1,237,2,1,2,0,0,0,0,0,2,0,0,0,0,0
1566,12982,1,312,10,2,16,1,0,0,0,0,0,0,0,0,0,0
2907,23981,1,144,30,6,60,2,0,4,0,0,0,0,0,0,0,0
1220,10223,1,165,12,1,12,0,0,0,0,0,0,0,0,0,0,0
3063,25352,1,395,14,10,70,1,2,3,1,1,0,0,2,2,0,0
1752,14431,1,312,30,2,38,1,0,1,0,0,0,0,1,0,0,0
447,4004,1,201,14,7,54,1,0,5,0,0,1,0,0,0,0,0
3512,29144,0,341,24,4,36,0,1,1,1,1,0,0,0,0,0,0
969,7973,1,299,12,7,38,1,2,1,0,1,0,0,0,0,0,0
853,7107,1,202,8,11,32,1,0,1,1,0,1,3,0,0,0,1
346,3047,1,82,16,3,26,0,1,0,0,0,1,1,0,0,0,0
3203,26378,1,444,8,11,36,3,0,1,2,0,0,1,0,0,0,0
1431,11896,1,429,14,11,74,2,1,3,2,1,1,1,0,0,0,0
3665,30489,1,142,22,2,28,0,0,1,0,0,0,0,0,0,0,0
3108,25674,0,275,12,1,12,0,0,0,0,0,0,0,0,0,0,0
3246,26717,1,126,12,6,42,0,0,1,2,1,0,0,0,0,0,1
2149,17745,1,199,12,6,38,0,0,1,1,1,0,1,0,0,0,0
3462,28744,1,128,16,2,22,2,0,0,0,0,0,0,1,0,0,0
1728,14258,0,63,14,2,20,0,0,2,0,0,0,0,0,0,0,0
1290,10811,1,177,14,1,14,0,0,1,0,0,0,0,0,0,0,0
927,7713,1,129,14,2,20,0,2,0,0,0,0,0,0,0,0,0
3768,31237,1,152,34,7,56,1,1,3,0,1,0,0,0,0,0,0
1439,11967,0,165,14,2,16,1,0,0,1,0,0,0,0,0,0,0
3075,25447,1,333,18,11,62,0,1,4,2,3,2,1,0,0,0,0
1544,12782,1,281,16,6,40,1,1,2,0,1,0,2,0,0,0,1
2216,18287,1,388,8,11,32,1,1,1,2,0,0,2,0,0,0,0
2819,23331,1,246,6,2,12,0,0,0,0,0,0,3,0,0,0,0
3172,26162,0,170,2,2,10,0,0,0,0,0,0,0,0,0,0,0
2547,21028,1,20,10,1,10,0,0,0,0,0,0,0,0,0,0,0
3106,25661,1,216,8,2,14,1,0,0,0,0,0,1,0,0,0,0
1859,15337,1,174,10,2,12,0,0,0,0,0,0,1,0,0,0,0
2030,16801,1,20,30,1,30,0,0,0,1,0,0,0,1,0,1,0
991,8159,0,108,14,5,42,2,0,1,1,0,1,0,0,0,0,0
2357,19345,0,305,10,1,10,0,0,0,0,0,0,2,0,0,0,0
2930,24195,1,26,6,1,6,0,0,0,0,0,0,0,1,0,0,0
2388,19559,0,127,32,2,38,0,1,0,0,0,1,0,1,0,1,0
2229,18365,1,170,14,2,22,1,1,0,0,0,0,1,0,0,0,0
510,4629,1,290,34,1,34,0,0,1,0,0,0,0,0,0,0,0
1777,14631,1,81,2,5,16,0,0,1,0,0,0,0,0,0,0,0
1447,12011,1,274,20,7,52,3,0,1,2,1,0,0,0,0,0,0
3084,25499,0,270,2,2,6,0,0,0,0,0,0,0,0,0,0,0
3251,26762,1,68,14,2,20,0,0,0,1,1,0,0,0,0,0,0
85,687,0,178,26,8,56,1,1,2,0,0,2,2,1,0,1,0
2389,19563,1,25,2,1,2,0,0,0,0,0,1,0,0,0,0,0
561,5083,1,224,32,1,32,0,0,0,1,0,0,0,0,0,0,0
633,5715,1,341,2,3,12,0,0,0,0,0,0,0,0,0,0,0
3319,27359,0,57,6,1,6,0,0,0,0,0,0,0,0,0,0,0
3398,28113,1,190,2,1,2,0,0,0,0,0,0,0,0,0,0,0
1562,12952,0,167,2,1,2,0,0,0,0,0,0,0,0,0,0,0
2416,19868,1,342,22,9,70,2,2,4,0,0,0,3,0,1,0,0
165,1364,1,477,20,12,68,2,1,5,0,0,1,3,1,0,0,0
1933,16015,1,163,10,5,20,2,0,0,0,1,0,0,0,0,0,0
843,7059,1,110,6,3,20,0,0,1,0,0,0,0,0,0,0,0
2031,16805,1,216,16,6,48,2,0,1,1,0,0,0,0,0,0,1
849,7094,1,157,12,6,38,0,0,2,1,0,1,0,1,0,1,0
1240,10365,1,359,12,12,78,2,1,2,1,2,1,2,1,1,1,0
3052,25301,0,157,6,8,34,1,0,1,1,2,1,0,0,0,0,0
2408,19749,1,79,12,2,16,1,0,0,0,0,1,0,0,0,0,0
40,330,0,211,6,11,44,3,2,2,0,0,2,1,2,0,1,0
3710,30827,1,158,6,2,12,0,0,0,0,0,0,0,0,0,0,0
439,3927,1,366,10,12,70,3,0,2,1,0,1,2,0,0,0,0
2186,18064,1,442,14,10,40,0,3,3,1,0,0,1,0,0,0,0
312,2771,0,356,4,6,22,1,0,0,1,0,0,0,0,0,0,1
2011,16672,1,289,16,1,16,0,0,0,0,0,0,0,0,0,0,0
3244,26696,0,312,24,12,92,2,0,1,2,3,0,1,0,1,0,0
2110,17419,0,202,10,4,26,1,0,0,1,0,2,0,0,0,0,0
3869,31920,1,222,34,2,40,0,0,1,0,0,0,0,0,0,0,0
2059,17036,1,134,12,2,14,1,0,0,0,0,0,0,0,0,0,0
3310,27289,1,348,14,10,60,1,0,4,3,0,2,0,0,0,1,0
3749,31143,1,139,6,8,38,1,2,0,0,0,0,0,0,1,1,0
948,7821,1,70,8,4,22,1,0,0,2,0,0,0,0,0,0,0
803,6801,1,131,14,2,22,1,0,1,0,0,0,0,0,0,0,0
698,6113,0,284,4,2,8,0,0,0,0,0,0,0,0,0,0,0
2265,18623,1,228,12,5,34,1,0,0,0,1,1,0,0,0,0,1
1950,16128,1,271,14,2,16,1,0,0,0,0,2,0,0,0,0,0
2755,22779,1,227,8,10,56,2,0,1,2,1,0,0,0,0,0,0
720,6249,1,191,20,8,44,3,1,2,0,1,1,0,0,0,0,0
429,3817,1,377,6,12,34,3,1,0,0,0,2,2,0,0,0,1
1830,15091,1,165,34,7,64,0,0,3,1,0,2,0,0,0,0,0
805,6818,1,260,6,7,38,1,0,4,1,0,0,0,0,0,0,0
2766,22877,0,179,10,2,18,0,0,0,0,1,0,0,0,0,0,0
3671,30520,0,36,4,1,4,0,0,0,0,0,0,0,0,0,0,0
454,4073,1,76,22,1,22,0,0,0,1,0,0,0,0,0,0,0
1849,15218,1,190,34,7,48,2,0,5,0,0,0,1,0,0,0,0
1031,8528,0,455,12,11,66,2,0,3,4,0,0,1,1,0,0,0
2982,24658,0,157,14,2,22,0,0,2,0,0,0,0,2,0,0,0
3842,31708,1,297,2,1,2,0,0,0,0,0,0,0,1,0,0,1
3538,29409,1,78,14,1,14,0,0,0,1,0,1,0,0,0,0,0
1438,11965,1,62,8,2,12,0,0,0,0,0,0,0,0,0,0,0
3817,31522,1,298,26,2,28,1,0,0,0,0,0,0,0,0,0,0
2486,20456,1,181,10,1,10,0,0,0,0,0,0,0,0,0,0,1
3571,29643,1,63,6,2,10,0,0,0,0,0,0,0,0,0,0,0
2650,21980,0,104,2,3,10,0,0,0,0,0,0,0,0,0,0,0
3967,32684,0,357,8,9,26,3,0,1,0,1,2,1,0,0,0,0
784,6703,1,374,10,5,30,2,0,1,1,0,0,0,1,0,0,0
449,4027,1,227,12,6,36,1,0,1,0,1,1,1,0,0,0,0
2716,22500,1,40,14,2,18,1,0,0,1,0,0,0,0,0,0,0
550,5025,1,357,18,10,56,4,1,0,1,1,0,3,0,0,0,0
123,1076,0,139,30,2,34,0,0,1,0,1,0,0,0,1,0,0
1865,15391,0,118,10,2,16,1,0,0,0,0,0,0,0,0,0,0
798,6766,0,278,2,1,2,0,0,0,0,0,0,0,0,0,0,0
2533,20888,1,153,12,4,20,1,1,1,0,0,0,1,0,0,0,0
2936,24261,1,278,10,2,18,0,0,0,1,0,2,2,0,0,0,0
1748,14404,1,57,16,2,22,0,0,2,0,0,0,0,0,0,0,0
1679,13870,1,206,6,2,8,0,0,0,0,0,0,2,0,0,0,0
570,5170,1,384,6,8,26,1,0,1,1,1,0,0,1,1,0,0
3071,25424,1,235,8,1,8,0,0,0,0,0,0,0,2,0,0,0
411,3681,0,354,26,7,42,1,2,2,0,0,0,2,1,0,0,0
2736,22667,1,131,14,2,20,0,0,1,1,0,0,0,0,0,0,0
3437,28493,0,306,18,2,24,1,0,0,0,0,0,0,1,0,0,0
2829,23411,1,370,14,12,42,2,1,1,3,3,1,1,0,2,0,0
261,2268,0,40,22,1,22,0,0,0,1,0,0,0,0,0,0,0
1037,8551,1,177,8,1,8,0,0,0,0,0,0,0,0,0,0,0
1218,10207,1,276,32,7,64,1,0,5,0,1,0,0,1,0,0,0
2888,23837,0,111,4,4,14,0,0,1,0,0,1,0,1,0,0,0
61,477,0,123,12,2,16,1,0,0,0,0,0,0,0,0,0,1
787,6718,1,223,8,4,20,0,0,2,0,0,0,0,1,0,0,0
721,6256,0,49,16,3,22,1,0,0,1,0,1,0,0,0,0,0
1436,11943,1,274,16,2,24,0,0,1,0,0,1,0,0,0,0,0
895,7462,1,208,10,10,58,2,1,2,1,0,1,2,0,0,0,0
1780,14668,1,205,8,2,10,0,0,0,0,0,0,1,0,0,0,0
3478,28881,0,401,10,9,60,3,0,1,0,2,0,3,1,0,1,0
3978,32805,1,20,16,1,16,0,0,0,1,0,0,0,0,0,0,0
1199,10037,1,200,4,2,10,0,0,0,0,0,0,0,0,0,0,0
2621,21764,0,68,10,2,16,0,0,0,0,1,1,0,0,0,0,0
3432,28404,1,173,18,1,18,0,0,0,0,1,0,0,1,0,0,0
741,6389,0,139,6,1,6,0,0,0,0,0,0,0,0,0,0,0
3674,30547,1,108,8,3,26,0,0,1,0,0,0,1,0,0,0,0
3983,32866,0,266,14,3,22,0,2,0,1,0,0,1,0,0,0,0
1912,15830,0,221,14,1,14,0,0,0,0,1,0,0,0,0,0,0
2405,19702,1,260,10,1,10,0,0,0,0,0,0,2,0,0,0,0
3073,25440,1,300,8,1,8,0,0,0,0,0,0,0,2,0,0,0
3006,24875,0,368,14,12,38,5,1,0,1,1,0,2,0,0,0,0
3391,28049,0,171,6,11,64,3,1,2,1,0,0,0,0,0,0,0
520,4748,1,187,2,8,44,3,1,2,1,0,0,0,1,0,0,0
3611,29962,0,269,10,2,18,0,0,1,0,0,0,0,0,0,0,1
2468,20289,1,258,16,2,22,0,0,1,0,0,0,1,0,0,0,0
3585,29777,0,32,36,2,38,0,0,1,0,0,0,0,0,0,0,0
1491,12388,0,225,30,1,30,1,0,0,0,0,0,0,0,0,0,0
921,7666,1,400,14,9,56,1,0,2,2,0,2,2,1,0,0,0
2127,17569,1,174,16,2,22,0,0,1,0,0,0,1,0,0,0,0
3064,25368,1,98,12,1,12,0,0,0,0,0,0,0,0,0,0,0
1492,12394,1,147,14,1,14,0,0,0,0,0,1,0,0,0,0,1
1883,15544,1,152,2,1,2,0,0,0,0,0,0,1,0,0,0,1
1681,13888,1,223,32,2,36,1,0,0,0,0,0,1,0,0,0,0
3781,31294,0,174,8,6,36,0,1,2,1,0,0,0,0,0,0,0
1770,14582,0,160,16,2,24,2,0,0,0,0,1,0,0,0,0,0
589,5345,1,240,12,2,16,0,0,1,0,0,0,0,0,0,0,0
2397,19644,0,359,12,11,70,3,1,1,1,1,0,0,0,0,0,0
1857,15307,0,112,8,2,16,0,0,1,0,0,0,0,0,0,0,0
1206,10066,1,170,32,8,54,2,1,0,2,1,0,2,0,0,0,0
406,3665,1,152,4,2,10,0,0,0,0,0,0,0,0,0,0,0
1882,15536,1,270,16,5,40,1,1,2,0,0,0,0,0,0,0,0
1121,9440,0,135,8,1,8,0,0,0,0,0,0,0,0,0,0,0
1274,10696,1,220,2,2,6,0,0,0,0,0,0,0,0,0,0,0
1053,8722,1,227,26,6,38,1,1,1,0,0,0,3,0,0,0,0
3875,31959,1,407,10,12,80,2,0,4,2,0,0,1,0,0,0,0
711,6196,1,49,12,3,26,0,1,1,0,0,0,0,0,0,0,0
1423,11865,1,370,14,12,68,2,1,3,2,0,1,2,0,0,0,0
2465,20262,1,225,8,2,14,1,0,0,0,0,0,0,0,0,0,0
273,2382,1,305,16,8,60,2,0,0,2,2,0,2,0,0,0,0
1624,13469,1,175,12,2,16,0,0,0,0,1,0,0,0,0,0,0
3509,29131,1,262,14,2,20,1,0,1,0,0,0,0,0,0,0,0
3334,27491,0,235,4,2,10,0,0,0,0,0,0,1,0,0,0,1
2000,16576,0,263,10,1,10,0,0,0,0,0,0,1,0,0,0,0
1005,8294,1,303,12,2,20,1,0,0,0,0,0,0,0,0,0,0
2142,17725,0,305,10,1,10,0,0,0,0,0,0,0,0,0,0,0
2803,23217,1,344,36,4,50,2,0,1,0,1,1,0,0,0,0,0
1464,12161,0,124,2,1,2,0,0,0,0,0,0,0,0,0,0,0
2024,16716,1,239,10,9,46,1,1,0,1,0,0,2,0,0,0,0
3668,30503,1,459,16,12,58,3,1,1,2,2,0,4,0,0,1,0
1570,13002,1,222,12,3,24,0,0,1,0,0,0,1,0,0,0,0
993,8177,0,209,4,2,8,0,0,0,0,0,0,0,0,0,0,0
1975,16373,0,176,8,3,14,0,0,0,1,0,0,0,0,0,0,0
3959,32645,1,323,10,2,14,0,0,1,0,0,0,1,0,0,0,0
3770,31249,1,164,32,4,52,0,0,1,1,0,0,0,0,0,0,0
508,4596,1,231,26,1,26,0,0,1,0,0,0,0,0,0,0,0
3470,28797,1,167,10,8,40,1,0,2,1,1,0,0,1,0,0,0
1649,13684,1,122,30,1,30,0,0,0,0,0,0,0,0,0,0,0
1928,15973,1,91,16,2,24,0,1,0,0,1,0,0,0,0,0,0
989,8142,1,158,14,5,38,1,0,1,1,0,2,0,1,0,1,0
1117,9380,0,193,10,6,28,0,1,1,0,2,1,0,0,0,0,0
3194,26274,1,138,10,8,54,2,1,1,0,2,0,0,0,0,0,0
1978,16387,1,221,10,2,16,0,0,1,0,0,2,0,0,0,0,0
3913,32242,0,303,26,7,46,3,0,1,2,0,2,0,0,0,1,0
3338,27520,0,217,14,2,16,1,0,1,0,0,1,0,0,0,0,0
1092,9155,1,231,32,10,72,2,0,5,3,0,0,0,0,0,0,0
591,5350,1,245,18,4,34,0,0,0,0,0,1,3,0,0,0,1
2900,23902,0,113,8,2,16,1,0,0,0,0,0,0,0,0,0,0
255,2227,1,167,18,5,32,1,0,1,3,0,0,0,0,0,0,0
2820,23336,0,157,14,2,18,1,1,0,0,0,0,0,1,0,0,0
1114,9357,1,215,10,8,42,0,2,1,1,1,1,1,0,0,0,0
3403,28155,0,126,16,1,16,0,1,0,0,0,0,0,0,0,0,0
2536,20937,1,110,14,1,14,0,0,0,1,0,0,0,0,0,0,0
1458,12098,1,200,30,4,44,1,1,1,0,0,0,1,1,0,0,0
2691,22313,1,210,16,2,24,0,0,1,0,1,0,1,0,0,0,0
3121,25755,1,58,6,2,8,0,0,0,0,0,0,0,0,0,0,0
2746,22736,1,150,30,5,42,1,0,1,1,2,3,0,0,0,0,0
775,6642,1,310,6,1,6,0,0,0,0,0,0,0,0,0,0,0
24,201,1,57,2,1,2,0,0,0,0,0,0,0,0,0,0,0
129,1101,1,257,2,1,2,0,0,0,0,0,0,0,0,0,0,0
3971,32712,1,299,6,2,10,0,0,0,0,0,0,0,0,0,0,0
366,3159,1,233,10,1,10,0,0,0,0,0,0,0,0,0,0,0
2491,20511,1,153,16,2,20,0,0,0,0,1,1,1,0,0,0,0
3380,27941,1,233,8,1,8,0,0,0,0,0,0,0,0,0,0,0
1613,13353,1,165,18,11,56,2,1,4,1,1,0,0,0,0,0,0
1911,15812,0,286,4,2,12,0,0,0,0,0,0,0,0,0,0,0
3157,26051,1,161,4,2,10,0,0,0,0,0,0,0,0,0,0,0
1332,11065,1,432,16,9,38,0,2,5,1,0,0,1,0,0,0,0
2318,19016,0,161,14,1,14,0,1,0,0,0,1,0,0,0,0,0
3401,28136,0,100,14,2,18,0,0,1,0,0,0,0,0,0,0,0
3836,31653,1,283,12,10,70,2,0,3,0,1,1,1,0,0,0,0
1596,13233,1,246,2,2,10,0,0,0,0,0,0,0,0,0,0,0
3632,30151,0,76,12,4,32,2,0,0,1,0,1,0,1,0,0,0
684,6037,0,422,26,12,82,2,2,3,0,1,1,3,2,0,0,0
2810,23285,0,289,12,3,26,0,0,0,2,0,0,0,0,0,0,0
3164,26081,0,133,12,5,38,0,1,2,1,0,0,0,0,0,0,0
3067,25378,1,296,10,5,38,1,0,0,1,0,0,0,0,0,0,0
3234,26633,0,335,24,3,30,1,0,0,1,1,0,1,0,0,0,0
1568,12992,1,238,10,1,10,0,0,0,0,0,0,2,1,0,0,1
1983,16440,1,104,14,2,16,1,0,0,0,0,0,0,0,0,0,0
2725,22569,1,271,6,1,6,0,0,0,0,0,0,0,0,0,0,0
3117,25735,1,398,2,7,20,1,0,1,0,0,1,0,0,0,0,0
1400,11655,1,77,4,1,4,0,0,0,0,0,0,0,0,0,0,0
2429,19977,0,176,12,2,18,0,0,1,0,0,3,1,0,0,0,0
2482,20422,1,119,10,1,10,0,0,0,0,0,0,0,0,0,0,0
3468,28791,0,213,10,9,56,1,0,0,3,0,0,1,1,0,0,0
2984,24684,1,89,8,2,10,0,0,0,0,0,0,0,0,0,0,0
274,2383,1,218,14,8,48,1,0,3,1,0,1,2,0,0,0,0
1702,14044,1,233,30,1,30,0,0,1,0,0,0,0,0,0,0,0
2935,24247,0,334,4,12,30,1,1,3,0,0,0,0,0,0,0,0
2439,20048,0,161,22,2,28,2,0,0,0,0,0,0,0,0,0,0
2070,17132,0,155,2,3,8,0,0,0,0,0,0,0,0,0,0,0
18,126,0,81,22,1,22,0,0,1,0,0,0,0,0,0,0,0
2645,21957,0,280,6,8,52,2,1,2,0,0,0,1,1,0,0,0
3878,31997,0,182,4,11,44,3,0,1,0,2,0,0,1,0,0,0
1798,14836,1,28,16,1,16,1,0,0,0,0,0,0,0,0,0,0
3450,28575,1,240,26,2,32,1,0,0,0,0,0,0,0,0,0,0
1628,13515,1,184,12,10,60,1,1,2,2,0,0,0,0,0,0,0
1944,16082,1,33,34,2,38,0,0,1,0,1,0,0,0,0,0,0
966,7958,0,271,2,6,34,1,0,1,1,1,0,0,0,0,0,0
1740,14340,1,130,12,1,12,0,0,0,0,0,0,0,1,0,0,0
914,7614,1,151,4,1,4,0,0,0,0,0,0,0,0,0,0,0
314,2798,1,258,14,2,18,1,0,0,0,1,0,0,0,0,0,0
679,5982,0,63,14,1,14,0,1,0,0,0,0,0,0,0,0,0
3409,28202,1,415,4,10,24,2,1,0,1,0,0,0,0,0,0,0
666,5903,1,156,10,5,34,1,0,1,1,0,1,0,0,0,0,0
2664,22075,1,206,10,2,12,0,0,0,0,0,0,1,0,0,0,0
103,876,0,176,6,7,20,2,1,1,0,0,0,0,1,0,0,0
270,2342,1,192,34,6,52,0,0,3,2,0,1,0,0,0,0,0
1529,12676,1,368,12,11,62,3,0,3,1,1,0,2,0,0,0,0
3240,26677,0,229,2,1,2,0,0,0,0,0,0,0,0,0,0,0
915,7615,1,302,12,11,72,1,1,2,3,1,1,1,1,0,0,0
493,4490,1,372,20,8,66,2,0,3,1,1,0,1,1,1,0,0
448,4014,1,284,10,1,10,0,0,0,0,0,0,0,0,0,0,0
551,5030,1,211,4,6,18,0,0,1,0,0,0,0,0,0,0,0
231,2052,1,300,14,1,14,0,0,1,0,0,0,0,0,0,0,0
883,7375,1,330,34,8,76,2,1,2,0,0,2,1,0,0,0,0
1641,13587,1,30,14,1,14,0,0,0,0,0,1,0,0,0,0,0
3566,29624,1,271,14,3,22,0,1,1,0,0,0,0,0,0,0,0
3766,31226,0,25,8,1,8,0,0,0,0,0,0,0,0,0,0,0
1200,10038,0,406,4,12,68,3,2,2,2,1,0,0,1,0,0,0
1522,12643,1,201,6,10,38,2,2,1,1,0,0,2,0,0,0,1
294,2603,0,166,16,1,16,0,0,0,0,0,0,1,0,0,0,0
1379,11520,1,199,22,5,50,0,1,2,0,0,1,1,0,0,0,0
174,1474,0,86,14,5,40,1,0,0,0,2,2,0,0,0,0,1
2816,23306,0,31,10,2,16,0,0,1,0,0,0,0,0,0,0,0
106,910,0,95,2,1,2,0,0,0,0,0,0,0,0,0,0,0
3976,32756,1,42,8,1,8,0,0,0,0,0,0,0,0,0,0,0
3304,27269,1,257,30,1,30,1,0,0,0,0,0,0,0,0,0,0
3744,31122,1,190,6,12,48,0,2,4,0,0,0,0,0,0,1,0
240,2099,1,210,16,1,16,1,0,0,0,0,0,0,0,0,0,0
2740,22719,1,261,14,1,14,0,0,0,0,0,0,1,0,0,0,0
2478,20394,1,160,26,10,48,1,0,4,0,2,0,1,1,0,0,0
1163,9764,1,143,8,2,14,0,1,0,0,0,0,0,0,0,0,0
70,567,1,135,16,8,60,3,1,0,1,0,2,1,0,0,2,0
2791,23100,1,290,10,2,16,0,0,1,0,0,0,0,0,0,0,0
1674,13842,0,37,10,1,10,0,0,0,0,0,4,0,0,0,0,0
503,4567,1,293,2,9,26,0,1,0,2,0,1,1,0,0,0,0
1981,16424,1,243,14,11,46,1,1,2,0,2,0,0,0,0,1,0
1148,9676,0,263,16,1,16,0,0,1,0,0,0,0,0,0,0,0
2912,24014,0,194,6,6,30,0,1,2,0,1,0,0,1,1,0,1
79,625,1,149,6,3,18,0,0,0,0,1,0,0,0,0,0,0
1792,14810,1,274,8,9,32,2,0,3,0,1,0,0,0,0,0,0
3897,32136,1,41,14,1,14,0,1,0,0,0,0,0,0,0,0,0
1282,10744,1,72,8,1,8,0,0,0,0,0,0,0,0,0,0,0
1592,13212,1,305,18,3,24,1,0,1,0,0,1,0,0,0,0,0
3023,25000,1,406,10,8,56,2,0,1,0,2,0,2,0,0,0,1
1898,15711,1,327,14,7,52,0,0,1,2,0,1,1,0,0,0,1
1325,11010,0,216,2,9,46,2,1,2,0,2,0,1,1,1,0,0
2790,23090,1,215,8,1,8,0,0,0,0,0,0,0,0,0,0,0
3588,29797,1,69,16,2,24,0,0,1,1,0,0,0,0,0,0,0
612,5549,1,273,8,2,16,0,0,1,0,0,0,0,0,0,0,0
388,3493,1,198,26,2,30,1,0,0,0,0,1,0,0,0,0,0
1257,10541,1,189,4,11,30,0,1,0,0,0,1,1,0,0,1,1
2285,18734,1,284,18,11,72,5,2,1,0,1,0,0,0,0,0,0
662,5894,0,287,4,1,4,0,0,0,0,0,0,0,0,0,0,0
758,6540,1,230,14,1,14,1,0,0,0,0,0,0,0,0,0,0
2501,20597,0,114,30,2,32,1,1,0,0,0,0,0,0,0,0,0
2507,20627,0,84,20,2,28,2,0,0,0,0,0,0,0,0,0,0
2802,23213,1,223,2,1,2,0,0,0,0,0,1,0,0,0,0,0
2751,22751,1,125,10,1,10,0,0,0,0,0,0,0,0,0,0,0
3375,27879,1,342,22,5,46,0,1,1,2,0,0,1,0,0,2,0
1516,12582,1,102,16,1,16,0,0,0,1,0,0,0,0,0,0,0
3340,27546,1,86,16,2,22,1,0,0,0,0,0,0,0,0,0,0
3267,26906,1,364,30,10,84,2,4,3,1,0,0,0,0,0,0,0
912,7601,0,244,8,2,12,0,0,0,0,0,0,0,0,0,0,0
389,3504,1,252,14,1,14,0,0,0,1,0,0,0,0,0,0,0
3792,31357,1,270,14,2,16,0,0,2,0,0,0,1,0,0,0,0
2696,22341,0,157,26,10,54,2,0,0,2,2,0,0,0,0,0,0
683,6025,0,17,4,1,4,0,0,0,0,0,0,0,0,0,0,1
1986,16461,0,96,8,2,12,0,0,0,0,0,0,0,0,0,0,0
3429,28399,0,174,12,2,16,0,1,0,0,0,1,0,0,0,0,0
2688,22294,0,107,16,2,22,0,0,0,1,0,0,0,0,0,0,0
2424,19930,1,47,10,1,10,0,0,0,0,0,2,0,0,0,0,0
